Instance Name,Nominal Voltage,Internal Power,Switch Power,Leakage Power,Total Power
count_21__reg_p_D_AOI21X2H7L_Y_A1_OR3X1P4H7L_Y,1.2,3.943e-05,0.000e+00,1.697e-09,3.943e-05
count_12__NAND4X0P5H7L_A_Y_OR4X1P4H7L_C,1.2,3.940e-05,0.000e+00,1.616e-09,3.941e-05
count_16__reg_p_D_NOR2X3H7L_Y_B_XNOR2X3H7L_Y,1.2,3.708e-05,0.000e+00,4.086e-09,3.708e-05
count_20__reg_p_D_AOI21X2H7L_Y_A1_OR3X1P4H7L_Y,1.2,3.691e-05,0.000e+00,1.699e-09,3.692e-05
count_19__reg_p_D_AOI21X1P4H7L_Y_A1_OR3X1H7L_Y,1.2,3.261e-05,0.000e+00,1.577e-09,3.261e-05
count_21__reg_p_D_AOI21X2H7L_Y,1.2,2.338e-05,0.000e+00,1.029e-09,2.338e-05
count_12__NAND4X0P5H7L_A_Y_OR4X1P4H7L_C_Y_BUFX7H7L_A,1.2,2.287e-05,0.000e+00,4.862e-09,2.288e-05
count_20__reg_p_D_AOI21X2H7L_Y,1.2,2.204e-05,0.000e+00,1.029e-09,2.204e-05
count_19__reg_p_D_AOI21X1P4H7L_Y,1.2,1.824e-05,0.000e+00,8.879e-10,1.824e-05
count_26__NOR4X0P5H7L_A_Y_NAND3X0P5H7L_A_Y_NOR3X3H7L_A_B_NAND4BX1P4H7L_Y,1.2,1.338e-05,0.000e+00,9.228e-10,1.338e-05
count_18__reg_p_D_AOI2XB1X1H7L_Y,1.2,1.307e-05,0.000e+00,1.565e-09,1.307e-05
count_3__NAND4X6H7L_D,1.2,1.234e-05,0.000e+00,1.108e-09,1.234e-05
count_17__reg_p_D_AOI2XB1X1H7L_Y,1.2,1.010e-05,0.000e+00,1.572e-09,1.010e-05
count_21__reg_p_D_AOI21X2H7L_Y_A0_OAI21X0P5H7L_Y,1.2,9.816e-06,0.000e+00,7.087e-10,9.817e-06
count_20__reg_p_D_AOI21X2H7L_Y_A0_OAI21X0P5H7L_Y,1.2,9.310e-06,0.000e+00,7.088e-10,9.310e-06
count_26__NOR4X0P5H7L_A_Y_NAND3X0P5H7L_A_Y_NOR3X3H7L_A_Y_BUFX16H7L_A,1.2,9.237e-06,0.000e+00,1.085e-08,9.248e-06
count_20__reg_p_D_AOI21X2H7L_Y_A1_OR3X1P4H7L_Y_C_OR2X1P4H7L_B,1.2,9.080e-06,0.000e+00,1.694e-09,9.082e-06
count_7__reg_p_D_NOR2X0P5H7L_Y_B_XOR2X0P5H7L_Y,1.2,8.733e-06,0.000e+00,3.103e-09,8.736e-06
count_18__reg_p_D_AOI2XB1X1H7L_Y_A0_OAI21X0P5H7L_Y,1.2,8.722e-06,0.000e+00,7.102e-10,8.723e-06
count_3__reg_p_D_NOR2X0P5H7L_Y_B_XOR2X0P5H7L_Y,1.2,8.474e-06,0.000e+00,3.075e-09,8.477e-06
count_20__reg_p_D_AOI21X2H7L_Y_A1_OR3X1P4H7L_Y_C_NAND4X0P5H7L_Y,1.2,8.150e-06,0.000e+00,2.112e-10,8.150e-06
count_12__NAND4X0P5H7L_A,1.2,8.032e-06,0.000e+00,2.055e-10,8.032e-06
count_19__reg_p_D_AOI21X1P4H7L_Y_A0_OAI21X0P5H7L_Y,1.2,7.955e-06,0.000e+00,7.080e-10,7.955e-06
count_16__reg_p_D_NOR2X3H7L_Y,1.2,6.934e-06,0.000e+00,1.414e-09,6.935e-06
count_8__reg_p_D_AOI21X0P5H7L_Y_A1_OR3X1H7L_Y,1.2,6.817e-06,0.000e+00,1.585e-09,6.819e-06
count_7__NAND4X6H7L_C,1.2,6.717e-06,0.000e+00,1.229e-09,6.718e-06
count_17__reg_p_D_AOI2XB1X1H7L_Y_A0_OAI21X0P5H7L_Y,1.2,6.475e-06,0.000e+00,7.087e-10,6.476e-06
count_6__reg_p_D_NOR2X0P5H7L_Y_B_XOR2X0P5H7L_Y,1.2,6.153e-06,0.000e+00,3.054e-09,6.156e-06
count_7__reg_p_D_NOR2X0P5H7L_Y_B_XOR2X0P5H7L_Y_B_NAND4X0P5H7L_Y,1.2,6.050e-06,0.000e+00,1.946e-10,6.050e-06
count_22__reg_p_D_AOI2BB1X1P4H7L_Y,1.2,5.851e-06,0.000e+00,1.872e-09,5.853e-06
count_2__reg_p_D_NOR2X0P5H7L_Y_B_XOR2X0P5H7L_Y,1.2,5.601e-06,0.000e+00,3.126e-09,5.605e-06
count_22__reg_p_D_AOI2BB1X1P4H7L_Y_A1N_NOR3BX1P4H7L_Y,1.2,5.138e-06,0.000e+00,1.348e-09,5.139e-06
count_12__NAND4X0P5H7L_A_Y_OR4X1P4H7L_C_D_NAND4X0P5H7L_Y,1.2,4.825e-06,0.000e+00,2.382e-10,4.825e-06
count_8__reg_p_D_AOI21X0P5H7L_Y,1.2,4.692e-06,0.000e+00,6.992e-10,4.692e-06
count_18__reg_p_D_AOI2XB1X1H7L_Y_A1N_NOR3X1P4H7L_Y,1.2,4.308e-06,0.000e+00,5.131e-10,4.308e-06
count_26__NOR4X0P5H7L_A_Y_NAND3X0P5H7L_A_Y_NOR3X3H7L_A,1.2,4.292e-06,0.000e+00,8.923e-10,4.293e-06
count_1__reg_p,1.2,3.974e-06,0.000e+00,6.473e-09,3.981e-06
count_6__reg_p,1.2,3.974e-06,0.000e+00,6.493e-09,3.980e-06
count_5__reg_p,1.2,3.973e-06,0.000e+00,6.474e-09,3.980e-06
count_2__reg_p,1.2,3.973e-06,0.000e+00,6.493e-09,3.980e-06
count_3__reg_p,1.2,3.972e-06,0.000e+00,6.497e-09,3.978e-06
count_8__reg_p,1.2,3.972e-06,0.000e+00,6.590e-09,3.978e-06
count_7__reg_p,1.2,3.972e-06,0.000e+00,6.497e-09,3.978e-06
count_10__reg_p,1.2,3.971e-06,0.000e+00,6.445e-09,3.978e-06
count_11__reg_p,1.2,3.970e-06,0.000e+00,6.590e-09,3.977e-06
count_14__reg_p,1.2,3.970e-06,0.000e+00,6.425e-09,3.977e-06
count_9__reg_p,1.2,3.970e-06,0.000e+00,6.436e-09,3.976e-06
count_17__reg_p,1.2,3.970e-06,0.000e+00,6.453e-09,3.976e-06
count_18__reg_p,1.2,3.969e-06,0.000e+00,6.462e-09,3.975e-06
count_13__reg_p,1.2,3.969e-06,0.000e+00,6.425e-09,3.975e-06
count_12__reg_p,1.2,3.969e-06,0.000e+00,6.429e-09,3.975e-06
count_16__reg_p,1.2,3.968e-06,0.000e+00,6.497e-09,3.975e-06
count_15__reg_p,1.2,3.967e-06,0.000e+00,6.590e-09,3.973e-06
count_19__reg_p,1.2,3.967e-06,0.000e+00,6.590e-09,3.973e-06
count_21__reg_p,1.2,3.965e-06,0.000e+00,6.590e-09,3.972e-06
count_20__reg_p,1.2,3.965e-06,0.000e+00,6.590e-09,3.971e-06
led[1]_reg_p,1.2,3.964e-06,0.000e+00,6.408e-09,3.970e-06
count_22__reg_p,1.2,3.962e-06,0.000e+00,6.440e-09,3.969e-06
led[0]_reg_p,1.2,3.961e-06,0.000e+00,6.913e-09,3.968e-06
led[3]_reg_p,1.2,3.799e-06,0.000e+00,6.401e-09,3.806e-06
led[10]_reg_p,1.2,3.799e-06,0.000e+00,6.401e-09,3.806e-06
led[9]_reg_p,1.2,3.799e-06,0.000e+00,6.401e-09,3.806e-06
led[6]_reg_p,1.2,3.799e-06,0.000e+00,6.401e-09,3.806e-06
led[11]_reg_p,1.2,3.799e-06,0.000e+00,6.401e-09,3.806e-06
led[2]_reg_p,1.2,3.799e-06,0.000e+00,6.401e-09,3.806e-06
led[4]_reg_p,1.2,3.799e-06,0.000e+00,6.401e-09,3.806e-06
led[12]_reg_p,1.2,3.799e-06,0.000e+00,6.401e-09,3.806e-06
led[8]_reg_p,1.2,3.799e-06,0.000e+00,6.401e-09,3.806e-06
led[13]_reg_p,1.2,3.799e-06,0.000e+00,6.401e-09,3.806e-06
led[14]_reg_p,1.2,3.799e-06,0.000e+00,6.401e-09,3.806e-06
led[5]_reg_p,1.2,3.799e-06,0.000e+00,6.401e-09,3.806e-06
led[7]_reg_p,1.2,3.799e-06,0.000e+00,6.401e-09,3.806e-06
led[15]_reg_p,1.2,3.796e-06,0.000e+00,6.401e-09,3.803e-06
count_15__reg_p_D_AOI21X0P5H7L_Y,1.2,3.780e-06,0.000e+00,6.992e-10,3.781e-06
count_11__reg_p_D_AOI21X0P5H7L_Y,1.2,3.713e-06,0.000e+00,6.992e-10,3.714e-06
count_4__reg_p,1.2,3.649e-06,0.000e+00,6.406e-09,3.655e-06
count_0__reg_p,1.2,3.465e-06,0.000e+00,6.404e-09,3.472e-06
count_26__NOR4X0P5H7L_A_Y_NAND3X0P5H7L_A_Y_NOR3X3H7L_A_C_NAND3X0P5H7L_Y,1.2,3.468e-06,0.000e+00,3.210e-10,3.469e-06
count_13__reg_p_D_NOR2X0P5H7L_Y_B_XNOR2X0P5H7L_Y_B_NOR4X0P5H7L_Y_D_NAND3X0P5H7L_Y,1.2,3.425e-06,0.000e+00,3.398e-10,3.426e-06
count_19__reg_p_D_AOI21X1P4H7L_Y_A1_OR3X1H7L_Y_B_NAND3X0P5H7L_Y,1.2,3.411e-06,0.000e+00,3.357e-10,3.411e-06
count_26__NOR4X0P5H7L_A_Y_AND4X0P5H7L_B_Y_AOAI211X0P5H7L_C0,1.2,3.403e-06,0.000e+00,6.659e-10,3.403e-06
led[0]_reg_p_D_MUXI2X0P5H7L_Y,1.2,3.377e-06,0.000e+00,2.949e-09,3.380e-06
count_3__reg_p_D_NOR2X0P5H7L_Y_B_XOR2X0P5H7L_Y_B_NAND3X0P5H7L_Y,1.2,3.271e-06,0.000e+00,3.323e-10,3.271e-06
count_5__reg_p_D_NOR2X0P5H7L_Y_B_XOR2X0P5H7L_Y,1.2,3.185e-06,0.000e+00,3.175e-09,3.188e-06
count_17__reg_p_D_AOI2XB1X1H7L_Y_A1N_NOR3X1P4H7L_Y,1.2,3.145e-06,0.000e+00,4.953e-10,3.146e-06
count_26__NOR4X0P5H7L_A_Y_AND4X0P5H7L_B_Y_AOAI211X0P5H7L_C0_A1_OAI2BB1X0P5H7L_Y_B0_OA31X1H7L_Y,1.2,3.127e-06,0.000e+00,1.406e-09,3.129e-06
count_15__reg_p_D_AOI21X0P5H7L_Y_A1_NAND3BX0P5H7L_Y,1.2,3.098e-06,0.000e+00,9.594e-10,3.099e-06
count_1__reg_p_D_NOR2X0P5H7L_Y_B_XNOR2X0P5H7L_Y,1.2,3.095e-06,0.000e+00,3.148e-09,3.098e-06
count_14__reg_p_D_NOR2X1P4H7L_Y_B_XNOR2X0P5H7L_Y,1.2,2.987e-06,0.000e+00,3.229e-09,2.990e-06
count_11__reg_p_D_AOI21X0P5H7L_Y_A1_NAND3BX0P5H7L_Y,1.2,2.899e-06,0.000e+00,9.710e-10,2.900e-06
led[1]_reg_p_D_MUX2X1P4H7L_Y,1.2,2.804e-06,0.000e+00,2.477e-09,2.807e-06
count_26__NOR4X0P5H7L_A_Y_NAND3X0P5H7L_A_Y_NOR3X3H7L_A_B_NAND4BX1P4H7L_Y_C_NOR4X0P5H7L_Y,1.2,2.698e-06,0.000e+00,4.497e-10,2.699e-06
count_13__reg_p_D_NOR2X0P5H7L_Y_B_XNOR2X0P5H7L_Y,1.2,2.616e-06,0.000e+00,3.229e-09,2.619e-06
count_10__reg_p_D_NOR2X0P5H7L_Y_B_XNOR2X0P5H7L_Y,1.2,2.556e-06,0.000e+00,3.194e-09,2.559e-06
count_9__reg_p_D_NOR2X0P5H7L_Y_B_XNOR2X0P5H7L_Y,1.2,2.533e-06,0.000e+00,3.211e-09,2.536e-06
count_26__NOR4X0P5H7L_A_Y_NAND3X0P5H7L_A_Y_NOR3X3H7L_A_B_NAND4BX1P4H7L_Y_D_NOR4X0P5H7L_Y,1.2,2.452e-06,0.000e+00,4.089e-10,2.452e-06
count_12__reg_p_D_NOR2X0P5H7L_Y_B_XNOR2X0P5H7L_Y,1.2,2.425e-06,0.000e+00,3.222e-09,2.428e-06
led[15]_reg_p_D_MUX2X1P4H7L_Y,1.2,2.359e-06,0.000e+00,2.454e-09,2.361e-06
led[2]_reg_p_D_MUX2X1P4H7L_Y,1.2,2.357e-06,0.000e+00,2.454e-09,2.359e-06
count_26__NOR4X0P5H7L_A_Y_NAND3X0P5H7L_A_Y_NOR3X3H7L_A_C_NAND3X0P5H7L_Y_C_NOR4X0P5H7L_Y,1.2,2.325e-06,0.000e+00,3.803e-10,2.325e-06
count_6__reg_p_D_NOR2X0P5H7L_Y_B_XOR2X0P5H7L_Y_B_NAND3X0P5H7L_Y,1.2,2.276e-06,0.000e+00,3.126e-10,2.276e-06
count_26__NOR4X0P5H7L_A_Y_AND4X0P5H7L_B_Y_AOAI211X0P5H7L_C0_Y_BUFX3H7L_A,1.2,2.199e-06,0.000e+00,2.229e-09,2.201e-06
led[7]_reg_p_D_MUX2X0P5H7L_Y,1.2,2.096e-06,0.000e+00,2.309e-09,2.099e-06
led[13]_reg_p_D_MUX2X0P5H7L_Y,1.2,2.096e-06,0.000e+00,2.309e-09,2.099e-06
led[5]_reg_p_D_MUX2X0P5H7L_Y,1.2,2.096e-06,0.000e+00,2.309e-09,2.099e-06
led[6]_reg_p_D_MUX2X0P5H7L_Y,1.2,2.096e-06,0.000e+00,2.309e-09,2.099e-06
led[4]_reg_p_D_MUX2X0P5H7L_Y,1.2,2.096e-06,0.000e+00,2.309e-09,2.099e-06
led[12]_reg_p_D_MUX2X0P5H7L_Y,1.2,2.096e-06,0.000e+00,2.309e-09,2.099e-06
led[9]_reg_p_D_MUX2X0P5H7L_Y,1.2,2.096e-06,0.000e+00,2.309e-09,2.099e-06
led[11]_reg_p_D_MUX2X0P5H7L_Y,1.2,2.096e-06,0.000e+00,2.309e-09,2.099e-06
led[8]_reg_p_D_MUX2X0P5H7L_Y,1.2,2.096e-06,0.000e+00,2.309e-09,2.099e-06
led[10]_reg_p_D_MUX2X0P5H7L_Y,1.2,2.096e-06,0.000e+00,2.309e-09,2.099e-06
led[3]_reg_p_D_MUX2X0P5H7L_Y,1.2,2.096e-06,0.000e+00,2.309e-09,2.099e-06
led[14]_reg_p_D_MUX2X0P5H7L_Y,1.2,2.096e-06,0.000e+00,2.309e-09,2.099e-06
count_13__reg_p_D_NOR2X0P5H7L_Y_B_XNOR2X0P5H7L_Y_B_NOR4X0P5H7L_Y_D_NOR4X1P4H7L_C,1.2,2.072e-06,0.000e+00,3.269e-10,2.072e-06
count_26__NOR4X0P5H7L_A_Y_AND4X0P5H7L_B_Y_AOAI211X0P5H7L_C0_B0_AOAI211X0P5H7L_Y,1.2,1.906e-06,0.000e+00,6.914e-10,1.907e-06
count_8__reg_p_D_AOI21X0P5H7L_Y_A0_OAI21X0P5H7L_Y,1.2,1.867e-06,0.000e+00,7.087e-10,1.868e-06
count_26__NOR4X0P5H7L_A_Y_NAND3X0P5H7L_A_Y_NOR3X3H7L_A_C_NAND3X0P5H7L_Y_A_NOR3X0P5H7L_Y,1.2,1.807e-06,0.000e+00,6.828e-10,1.808e-06
count_13__reg_p_D_NOR2X0P5H7L_Y_B_XNOR2X0P5H7L_Y_B_NOR4X0P5H7L_Y_D_NOR4X1P4H7L_C_D_NAND3X0P5H7L_Y,1.2,1.585e-06,0.000e+00,3.878e-10,1.586e-06
count_26__NOR4X0P5H7L_A_Y_NAND3X0P5H7L_A_Y_NOR3X3H7L_A_B_NAND4BX1P4H7L_Y_B_NOR3X0P5H7L_Y,1.2,1.578e-06,0.000e+00,5.729e-10,1.579e-06
count_26__NOR4X0P5H7L_A_Y_AND4X0P5H7L_B_Y_AOAI211X0P5H7L_C0_A1_OAI2BB1X0P5H7L_Y,1.2,1.481e-06,0.000e+00,1.099e-09,1.483e-06
count_26__NOR4X0P5H7L_A_Y_AND4X0P5H7L_B_Y_AOAI211X0P5H7L_C0_A1_OAI2BB1X0P5H7L_Y_A1N_OAI211X0P7H7L_Y,1.2,1.470e-06,0.000e+00,5.716e-10,1.471e-06
count_7__reg_p_D_NOR2X0P5H7L_Y,1.2,1.358e-06,0.000e+00,5.905e-10,1.359e-06
count_3__reg_p_D_NOR2X0P5H7L_Y,1.2,1.324e-06,0.000e+00,5.905e-10,1.325e-06
count_13__reg_p_D_NOR2X0P5H7L_Y_B_XNOR2X0P5H7L_Y_B_NOR4X0P5H7L_Y,1.2,1.273e-06,0.000e+00,2.555e-10,1.274e-06
count_18__reg_p_D_AOI2XB1X1H7L_Y_A1N_NOR3X1P4H7L_Y_B_NAND2X0P5H7L_Y,1.2,1.170e-06,0.000e+00,4.964e-10,1.171e-06
count_12__reg_p_D_NOR2X0P5H7L_Y_B_XNOR2X0P5H7L_Y_B_NOR4X0P5H7L_Y_D_NAND2X0P5H7L_Y,1.2,1.163e-06,0.000e+00,5.160e-10,1.164e-06
count_12__reg_p_D_NOR2X0P5H7L_Y_B_XNOR2X0P5H7L_Y_B_NOR4X0P5H7L_Y,1.2,1.157e-06,0.000e+00,2.604e-10,1.157e-06
count_2__reg_p_D_NOR2X0P5H7L_Y_B_XOR2X0P5H7L_Y_B_NAND2X0P5H7L_Y,1.2,1.108e-06,0.000e+00,4.813e-10,1.109e-06
count_6__reg_p_D_NOR2X0P5H7L_Y,1.2,1.093e-06,0.000e+00,5.887e-10,1.094e-06
count_2__reg_p_D_NOR2X0P5H7L_Y,1.2,1.059e-06,0.000e+00,5.886e-10,1.059e-06
count_9__reg_p_D_NOR2X0P5H7L_Y_B_XNOR2X0P5H7L_Y_B_NOR3BX0P5H7L_Y,1.2,1.043e-06,0.000e+00,1.247e-09,1.044e-06
count_11__reg_p_D_AOI21X0P5H7L_Y_A0_OAI2BB1X0P5H7L_Y,1.2,1.011e-06,0.000e+00,1.059e-09,1.012e-06
count_14__reg_p_D_NOR2X1P4H7L_Y,1.2,9.402e-07,0.000e+00,7.056e-10,9.409e-07
count_15__reg_p_D_AOI21X0P5H7L_Y_A0_OAI2BB1X0P5H7L_Y,1.2,9.297e-07,0.000e+00,1.048e-09,9.308e-07
count_4__reg_p_D_NOR2X0P5H7L_Y_B_XNOR2X0P5H7L_Y,1.2,8.501e-07,0.000e+00,3.262e-09,8.534e-07
count_5__reg_p_D_NOR2X0P5H7L_Y,1.2,8.105e-07,0.000e+00,5.791e-10,8.111e-07
count_24__reg_p,1.2,7.930e-07,0.000e+00,6.544e-09,7.995e-07
count_30__reg_p,1.2,7.929e-07,0.000e+00,6.544e-09,7.995e-07
count_27__reg_p,1.2,7.929e-07,0.000e+00,6.544e-09,7.995e-07
count_26__reg_p,1.2,7.929e-07,0.000e+00,6.544e-09,7.995e-07
count_31__reg_p,1.2,7.929e-07,0.000e+00,6.544e-09,7.995e-07
count_28__reg_p,1.2,7.929e-07,0.000e+00,6.544e-09,7.994e-07
count_25__reg_p,1.2,7.928e-07,0.000e+00,6.544e-09,7.994e-07
count_29__reg_p,1.2,7.928e-07,0.000e+00,6.544e-09,7.994e-07
count_1__reg_p_D_NOR2X0P5H7L_Y,1.2,7.751e-07,0.000e+00,5.787e-10,7.757e-07
count_10__reg_p_D_NOR2X0P5H7L_Y_B_XNOR2X0P5H7L_Y_B_NOR3X0P5H7L_Y,1.2,7.565e-07,0.000e+00,3.897e-10,7.568e-07
led[1]_reg_p_D_MUX2X1P4H7L_Y_B_NOR2BX1H7L_Z,1.2,7.498e-07,0.000e+00,1.346e-09,7.511e-07
count_10__reg_p_D_NOR2X0P5H7L_Y,1.2,6.910e-07,0.000e+00,5.662e-10,6.916e-07
count_9__reg_p_D_NOR2X0P5H7L_Y,1.2,6.796e-07,0.000e+00,5.620e-10,6.802e-07
count_13__reg_p_D_NOR2X0P5H7L_Y,1.2,6.738e-07,0.000e+00,5.576e-10,6.744e-07
count_12__reg_p_D_NOR2X0P5H7L_Y,1.2,6.615e-07,0.000e+00,5.591e-10,6.621e-07
count_26__NOR4X0P5H7L_A_Y_NAND3X0P5H7L_A_Y_NOR3X3H7L_A_B_NAND4BX1P4H7L_Y_AN_OR2X0P5H7L_Y,1.2,6.061e-07,0.000e+00,1.488e-09,6.075e-07
count_5__reg_p_D_NOR2X0P5H7L_Y_B_XOR2X0P5H7L_Y_B_NAND2X0P5H7L_Y,1.2,5.891e-07,0.000e+00,4.100e-10,5.895e-07
count_26__NOR4X0P5H7L_A_Y_NAND3X0P5H7L_A,1.2,5.781e-07,0.000e+00,3.064e-10,5.784e-07
count_4__reg_p_D_NOR2X0P5H7L_Y,1.2,4.960e-07,0.000e+00,5.502e-10,4.965e-07
count_0__reg_p_D_NOR2X0P5H7L_Y,1.2,4.808e-07,0.000e+00,5.498e-10,4.813e-07
led[0]_reg_p_D_MUXI2X0P5H7L_Y_B_NOR2X0P5H7L_Y,1.2,3.378e-07,0.000e+00,6.672e-10,3.385e-07
count_3__AND4X0P5H7L_D,1.2,3.331e-07,0.000e+00,5.293e-10,3.336e-07
rst_BUFX3H7L_A,1.2,2.971e-07,0.000e+00,2.213e-09,2.993e-07
led[1]_reg_p_D_MUX2X1P4H7L_Y_A_NOR2BX1H7L_Z,1.2,2.409e-07,0.000e+00,1.369e-09,2.422e-07
led[15]_reg_p_D_MUX2X1P4H7L_Y_B_NOR2BX1H7L_Z,1.2,2.408e-07,0.000e+00,1.369e-09,2.422e-07
led[3]_reg_p_D_MUX2X0P5H7L_Y_B_NOR2BX1H7L_Z,1.2,2.408e-07,0.000e+00,1.369e-09,2.422e-07
led[6]_reg_p_D_MUX2X0P5H7L_Y_A_NOR2BX1H7L_Z,1.2,2.408e-07,0.000e+00,1.369e-09,2.422e-07
led[5]_reg_p_D_MUX2X0P5H7L_Y_A_NOR2BX1H7L_Z,1.2,2.408e-07,0.000e+00,1.369e-09,2.422e-07
led[7]_reg_p_D_MUX2X0P5H7L_Y_A_NOR2BX1H7L_Z,1.2,2.408e-07,0.000e+00,1.369e-09,2.422e-07
led[8]_reg_p_D_MUX2X0P5H7L_Y_A_NOR2BX1H7L_Z,1.2,2.408e-07,0.000e+00,1.369e-09,2.422e-07
led[4]_reg_p_D_MUX2X0P5H7L_Y_A_NOR2BX1H7L_Z,1.2,2.408e-07,0.000e+00,1.369e-09,2.422e-07
led[3]_reg_p_D_MUX2X0P5H7L_Y_A_NOR2BX1H7L_Z,1.2,2.408e-07,0.000e+00,1.369e-09,2.422e-07
led[10]_reg_p_D_MUX2X0P5H7L_Y_A_NOR2BX1H7L_Z,1.2,2.408e-07,0.000e+00,1.369e-09,2.422e-07
led[11]_reg_p_D_MUX2X0P5H7L_Y_A_NOR2BX1H7L_Z,1.2,2.408e-07,0.000e+00,1.369e-09,2.422e-07
led[12]_reg_p_D_MUX2X0P5H7L_Y_A_NOR2BX1H7L_Z,1.2,2.408e-07,0.000e+00,1.369e-09,2.422e-07
led[13]_reg_p_D_MUX2X0P5H7L_Y_A_NOR2BX1H7L_Z,1.2,2.408e-07,0.000e+00,1.369e-09,2.422e-07
led[9]_reg_p_D_MUX2X0P5H7L_Y_A_NOR2BX1H7L_Z,1.2,2.408e-07,0.000e+00,1.369e-09,2.422e-07
led[15]_reg_p_D_MUX2X1P4H7L_Y_A_NOR2BX1H7L_Z,1.2,2.363e-07,0.000e+00,1.369e-09,2.377e-07
count_10__reg_p_D_NOR2X0P5H7L_Y_B_XNOR2X0P5H7L_Y_B_NOR3X0P5H7L_Y_A_NAND2X0P5H7L_Y,1.2,2.362e-07,0.000e+00,5.628e-10,2.368e-07
count_26__NOR4X0P5H7L_A_Y_AND4X0P5H7L_B_Y_AOAI211X0P5H7L_C0_A0_NOR4X0P5H7L_Y,1.2,2.316e-07,0.000e+00,2.570e-10,2.318e-07
count_30__NOR3X0P5H7L_A,1.2,2.298e-07,0.000e+00,4.875e-10,2.303e-07
count_20__reg_p_D_AOI21X2H7L_Y_A1_OR3X1P4H7L_Y_C_OR2X1P4H7L_B_A_INVX0P5H7L_Y,1.2,1.938e-07,0.000e+00,7.329e-10,1.945e-07
count_26__NOR4X0P5H7L_A,1.2,1.896e-07,0.000e+00,2.570e-10,1.898e-07
count_26__NOR4X0P5H7L_A_Y_NAND3X0P5H7L_A_Y_NOR3X3H7L_A_C_NAND3X0P5H7L_Y_B_NOR3X0P5H7L_Y,1.2,1.691e-07,0.000e+00,3.897e-10,1.695e-07
led[0]_reg_p_D_MUXI2X0P5H7L_Y_A_NOR2X0P5H7L_Y,1.2,1.069e-07,0.000e+00,5.551e-10,1.075e-07
count_24__NOR2X0P5H7L_A,1.2,1.061e-07,0.000e+00,5.551e-10,1.067e-07
count_26__NOR4X0P5H7L_A_Y_AND4X0P5H7L_B_A_INVX0P5H7L_Y,1.2,4.150e-08,0.000e+00,6.395e-10,4.214e-08
count_16__reg_p_D_NOR2X3H7L_Y_B_XNOR2X3H7L_Y_A_INVX0P5H7L_Y,1.2,4.061e-08,0.000e+00,6.395e-10,4.125e-08
count_26__NOR4X0P5H7L_A_Y_AND4X0P5H7L_B,1.2,2.761e-08,0.000e+00,5.195e-10,2.813e-08
count_23__reg_p,1.2,0.000e+00,0.000e+00,7.130e-09,7.130e-09
